<?xml version="1.0" encoding="UTF-8"?>
<!DOCTYPE mapper PUBLIC "-//mybatis.org//DTD Mapper 3.0//EN" "http://mybatis.org/dtd/mybatis-3-mapper.dtd">
<mapper namespace="com.example.emos.wx.db.dao.TbDeptDao">

    <!-- 通过用户姓名进行模糊查询，查询出部门的数量   -->
    <select id="searchDeptMembersCount" parameterType="String" resultType="HashMap">
        select d.id,
        d.dept_name AS deptName,
        COUNT(u.id) AS count
        from tb_dept d left join tb_user u on u.dept_id=d.id
        and u.status=1
        <if test="keyword!=null">
            WHERE u.name like '%${keyword}%'
        </if>
        group by d.id
    </select>


    <select id="searchAllDepts" resultType="com.example.emos.wx.db.pojo.TbDept">

        SELECT  *
        FROM tb_dept
    </select>


    <insert id="insertDept" parameterType="String"  >
        INSERT INTO tb_dept
        SET dept_name =#{deptName}
    </insert>


    <update id="updateDept" parameterType="com.example.emos.wx.db.pojo.TbDept">
        UPDATE tb_dept
        SET dept_name=#{deptName}
        WHERE id=#{id}
    </update>
    <delete id="deleteDept" parameterType="int">
        DELETE FROM tb_dept
        WHERE  id = #{id}
    </delete>



</mapper>