<?xml version="1.0" encoding="UTF-8"?>
<!DOCTYPE mapper PUBLIC "-//mybatis.org//DTD Mapper 3.0//EN" "http://mybatis.org/dtd/mybatis-3-mapper.dtd">
<mapper namespace="com.example.emos.wx.db.dao.TbUserDao">


  <resultMap id="users" type="com.example.emos.wx.db.pojo.EmployeeList">
    <!-- id标签表示分组单位 -->
    <id property="dept_id" column="dept_id"/>
    <id property="dept_name" column="deptName"/>

    <collection property="employees" ofType="com.example.emos.wx.db.pojo.TbUser">
      <result property="name" column="name"></result>
      <result property="tel" column="tel"></result>
      <result property="email" column="email"></result>
      <result property="sex" column="sex"></result>
    </collection>
  </resultMap>

  <select id="searchUserListGroupByDept" resultMap="users">
    SELECT u.name, d.dept_name AS deptName, u.tel, u.email, u.hiredate, u.dept_id
    FROM tb_user u
           LEFT JOIN tb_dept d ON u.dept_id = d.id
  </select>


  <select id="haveRootUser" resultType="boolean">
    SELECT IF(COUNT(*),TRUE,FALSE) FROM tb_user WHERE root=1;
  </select>

  <insert id="insert" parameterType="com.example.emos.wx.db.pojo.TbUser">
    INSERT INTO tb_user
    SET
    <if test="openId!=null">
      open_id = #{openId},
    </if>
    <if test="nickname!=null">
      nickname = #{nickname},
    </if>
    <if test="photo!=null">
      photo = #{photo},
    </if>
    <if test="name!=null">
      name = #{name},
    </if>
    <if test="sex!=null">
      sex = #{sex},
    </if>
    <if test="tel!=null">
      tel = #{tel},
    </if>
    <if test="email!=null">
      email=#{email},
    </if>
    <if test="hiredate!=null">
      hiredate = #{hiredate},
    </if>
    role = #{role},
    root = #{root},
    <if test="deptId!=null">
      dept_id = #{deptId},
    </if>
    status = #{status},
    create_time = #{createTime}
  </insert>

  <select id="searchIdByOpenId" parameterType="String" resultType="Integer">
    SELECT id FROM tb_user WHERE open_id = #{openId} AND status =1;
  </select>

  <select id="searchUserPermission" parameterType="int" resultType="String">
    SELECT DISTINCT p.permission_name
    FROM tb_user u
           JOIN tb_role r ON JSON_CONTAINS(u.role, CAST(r.id AS CHAR))
           JOIN tb_permission p ON JSON_CONTAINS(r.permissions, CAST(p.id AS CHAR))
    WHERE u.id=#{userId} AND u.status=1;
  </select>


  <select id="searchById" resultType="com.example.emos.wx.db.pojo.TbUser" parameterType="int">
    SELECT  id,
            open_id as openId,
            nickname,
            photo,
            name,
            sex,
            tel,
            role,
            root,
            email,
            dept_id,
            status,
            hiredate,
            create_time FROM tb_user WHERE id=#{userId} AND status=1;
  </select>

  <select id="searchNameAndDept" parameterType="int" resultType="HashMap">
    SELECT u.name,d.dept_name FROM tb_user u LEFT JOIN tb_dept d ON u.dept_id=d.id
    WHERE u.id=#{userId} AND u.status=1;
  </select>
  

  <select id="searchHireDate" parameterType="int" resultType="String">
    SELECT hiredate FROM tb_user
    WHERE id=#{userId} AND status=1
  </select>

  <select id="searchUserSummary" parameterType="int" resultType="HashMap">
    SELECT u.name,u.photo,d.dept_name AS deptName
    FROM tb_user u LEFT JOIN tb_dept d ON u.dept_id=d.id
    WHERE u.id=#{userId} AND status=1;
  </select>
  
  <select id="searchUserAndDeptByUserName" parameterType="String" resultType="HashMap">
    select d.id as deptId,d.dept_name as deptName,u.id as userId,u.name
    from tb_dept d join tb_user u on u.dept_id=d.id
    where u.status=1
    <if test="keyword!=null">
      and u.name='%${keyword}%'
    </if>
    order by d.id,u.id
  </select>

  <select id="searchMembers" parameterType="list" resultType="HashMap">
    select id,name,photo
    from tb_user where status=1
    and id in
    <foreach collection="list" item="one" separator="," open="(" close=")">
      #{one}
    </foreach>
  </select>

  <select id="searchUserInfo" parameterType="int" resultType="HashMap">
    select  u.open_id AS openId,
            u.nickname,
            u.name,
            u.photo,
            u.sex,
            u.tel,
            u.email,
            d.dept_name AS dept,
            u.hiredate,
            case u.status
                when  1 then "在职"
                when  2 then "离职"
            end as status,
           (select group_concat(role_name separator ",") from tb_role where JSON_CONTAINS(u.role,convert (id,char )))as roles
    from tb_user u left join tb_dept d on u.dept_id=d.id
    where u.id=#{userId} and u.status=1
  </select>

  <select id="searchDeptManagerIdByUserId" parameterType="int" resultType="int">
    SELECT
      u2.id
    FROM tb_user u1 JOIN tb_user u2 ON u1.dept_id=u2.dept_id
                    JOIN tb_role r ON JSON_CONTAINS(u2.role, CAST(r.id AS CHAR))
    WHERE u1.id=#{id} AND r.id=2 AND u1.status = 1 AND u2.status = 1
  </select>

  <select id="searchDeptManagerIdByDeptId" parameterType="int" resultType="int">

    SELECT id
    FROM tb_user
    WHERE dept_id = #{dept_id}
      AND JSON_CONTAINS(role, '2')
      AND status = 1

  </select>

  <select id="searchGmId" resultType="int">
    SELECT
      u.id
    FROM tb_user u
           JOIN tb_role r ON JSON_CONTAINS(u.role, CAST(r.id AS CHAR))
    WHERE r.id=1 AND u.status = 1
  </select>

</mapper>